record,split,fs_hz,n_channels,n_samples,duration_min,channel_0,channel_1,units
101,DS1,360,2,650000,30.09,MLII,V1,mV/mV
106,DS1,360,2,650000,30.09,MLII,V1,mV/mV
108,DS1,360,2,650000,30.09,MLII,V1,mV/mV
109,DS1,360,2,650000,30.09,MLII,V1,mV/mV
112,DS1,360,2,650000,30.09,MLII,V1,mV/mV
114,DS1,360,2,650000,30.09,V5,MLII,mV/mV
115,DS1,360,2,650000,30.09,MLII,V1,mV/mV
116,DS1,360,2,650000,30.09,MLII,V1,mV/mV
118,DS1,360,2,650000,30.09,MLII,V1,mV/mV
119,DS1,360,2,650000,30.09,MLII,V1,mV/mV
122,DS1,360,2,650000,30.09,MLII,V1,mV/mV
124,DS1,360,2,650000,30.09,MLII,V4,mV/mV
201,DS1,360,2,650000,30.09,MLII,V1,mV/mV
203,DS1,360,2,650000,30.09,MLII,V1,mV/mV
205,DS1,360,2,650000,30.09,MLII,V1,mV/mV
207,DS1,360,2,650000,30.09,MLII,V1,mV/mV
208,DS1,360,2,650000,30.09,MLII,V1,mV/mV
209,DS1,360,2,650000,30.09,MLII,V1,mV/mV
215,DS1,360,2,650000,30.09,MLII,V1,mV/mV
220,DS1,360,2,650000,30.09,MLII,V1,mV/mV
223,DS1,360,2,650000,30.09,MLII,V1,mV/mV
230,DS1,360,2,650000,30.09,MLII,V1,mV/mV
100,DS2,360,2,650000,30.09,MLII,V5,mV/mV
103,DS2,360,2,650000,30.09,MLII,V2,mV/mV
105,DS2,360,2,650000,30.09,MLII,V1,mV/mV
111,DS2,360,2,650000,30.09,MLII,V1,mV/mV
113,DS2,360,2,650000,30.09,MLII,V1,mV/mV
117,DS2,360,2,650000,30.09,MLII,V2,mV/mV
121,DS2,360,2,650000,30.09,MLII,V1,mV/mV
123,DS2,360,2,650000,30.09,MLII,V5,mV/mV
200,DS2,360,2,650000,30.09,MLII,V1,mV/mV
202,DS2,360,2,650000,30.09,MLII,V1,mV/mV
210,DS2,360,2,650000,30.09,MLII,V1,mV/mV
212,DS2,360,2,650000,30.09,MLII,V1,mV/mV
213,DS2,360,2,650000,30.09,MLII,V1,mV/mV
214,DS2,360,2,650000,30.09,MLII,V1,mV/mV
219,DS2,360,2,650000,30.09,MLII,V1,mV/mV
221,DS2,360,2,650000,30.09,MLII,V1,mV/mV
222,DS2,360,2,650000,30.09,MLII,V1,mV/mV
228,DS2,360,2,650000,30.09,MLII,V1,mV/mV
231,DS2,360,2,650000,30.09,MLII,V1,mV/mV
232,DS2,360,2,650000,30.09,MLII,V1,mV/mV
233,DS2,360,2,650000,30.09,MLII,V1,mV/mV
234,DS2,360,2,650000,30.09,MLII,V1,mV/mV
