record,split,missing_samples,amplitude_min_mV,amplitude_max_mV,typical_range_mV,amplitude_std_mV,disturbance_ratio,clipped_samples
101,DS1,0,-3.175,2.42,2.55,0.261,3.73,0
106,DS1,0,-2.065,2.57,3.475,0.368,1.44,0
108,DS1,0,-3.035,2.365,3.97,0.301,4.91,0
109,DS1,0,-3.195,3.13,4.06,0.499,2.09,0
112,DS1,0,-2.635,0.82,1.88,0.224,2.52,0
114,DS1,0,-2.505,3.77,4.04,0.375,3.1,0
115,DS1,0,-2.885,2.41,3.74,0.363,2.35,0
116,DS1,0,-5.12,5.115,8.27,0.664,4.23,928
118,DS1,0,-3.09,2.395,3.345,0.428,2.29,0
119,DS1,0,-2.985,2.5,4.61,0.535,1.43,0
122,DS1,0,-2.2,1.25,2.48,0.366,1.49,0
124,DS1,0,-3.605,2.595,3.94,0.462,2.37,0
201,DS1,0,-1.315,2.045,2.105,0.194,3.74,0
203,DS1,0,-4.305,3.64,4.835,0.495,2.52,0
205,DS1,0,-2.175,1.455,2.34,0.197,2.87,0
207,DS1,0,-3.955,2.285,3.47,0.354,3.78,0
208,DS1,0,-3.485,3.65,3.845,0.482,2.43,0
209,DS1,0,-1.455,1.885,2.34,0.268,1.34,0
215,DS1,0,-1.38,2.5,2.855,0.282,1.24,0
220,DS1,0,-2.125,1.915,3.45,0.319,1.42,0
223,DS1,0,-3.31,2.605,3.435,0.407,1.69,0
230,DS1,0,-3.135,2.615,3.63,0.355,1.84,0
100,DS2,0,-2.715,1.435,1.765,0.193,1.4,0
103,DS2,0,-2.61,3.125,3.36,0.322,2.85,0
105,DS2,0,-3.715,3.0,4.65,0.405,3.43,0
111,DS2,0,-2.82,2.375,2.45,0.257,4.88,0
113,DS2,0,-1.225,2.55,3.03,0.413,1.44,0
117,DS2,0,-3.015,0.71,2.05,0.239,3.63,0
121,DS2,0,-4.45,1.4,3.38,0.301,5.86,0
123,DS2,0,-3.095,2.06,3.21,0.29,2.28,0
200,DS2,0,-2.695,2.38,3.585,0.38,1.67,0
202,DS2,0,-2.755,2.92,2.77,0.298,3.39,0
210,DS2,0,-1.62,3.32,2.155,0.261,3.59,0
212,DS2,0,-1.855,2.545,2.855,0.331,1.73,0
213,DS2,0,-2.53,3.285,4.7,0.671,1.38,0
214,DS2,0,-2.73,2.8,4.3,0.47,1.33,0
219,DS2,0,-2.27,2.65,3.995,0.551,1.86,0
221,DS2,0,-1.39,2.23,2.495,0.301,1.3,0
222,DS2,0,-1.12,1.605,1.715,0.186,2.2,0
228,DS2,0,-2.375,2.89,4.08,0.346,3.34,0
231,DS2,0,-1.355,2.05,2.725,0.272,1.33,0
232,DS2,0,-1.12,1.2,1.44,0.165,1.54,0
233,DS2,0,-2.985,2.955,4.305,0.544,1.67,0
234,DS2,0,-2.615,2.86,3.41,0.337,3.67,0
